code,for gender,main accords,longevity,sillage,gender,top notes,middle notes,base notes,sentiment_data,season_data,longevity_pct,sillage_pct,gender_pct,main_accords_pct,top_notes_pct,middle_notes_pct,base_notes_pct,sentiment_pct,season_pct,day_night_pct,gender_score,longevity_score,sillage_score,day_night_score,season_score,scent_dna
h2,for women,"{'vanilla': 100.0, 'coffee': 88.1538, 'white floral': 81.6922, 'warm spicy': 64.8922, 'sweet': 59.5076, 'citrus': 55.8463, 'powdery': 50.9999}","{'very weak': '70', 'weak': '222', 'moderate': '402', 'long lasting': '111', 'eternal': '19'}","{'intimate': '197', 'moderate': '482', 'strong': '80', 'enormous': '12'}","{'female': '604', 'more female': '123', 'unisex': '34', 'more male': '1', 'male': '5'}",{'Orange Blossom': 2.5},{'Coffee': 3.375},{'Vanilla': 5.0},"{'love': 78.937, 'like': 100.0, 'ok': 35.8268, 'dislike': 12.9921, 'hate': 4.92126}","{'winter': 97.0962, 'spring': 56.4428, 'summer': 35.7532, 'fall': 100.0, 'day': 78.9474, 'night': 93.1034}","{'very weak': 8.5, 'weak': 26.9, 'moderate': 48.8, 'long lasting': 13.5, 'eternal': 2.3}","{'intimate': 25.6, 'moderate': 62.5, 'strong': 10.4, 'enormous': 1.6}","{'female': 78.7, 'more female': 16.0, 'unisex': 4.4, 'more male': 0.1, 'male': 0.7}","{'vanilla': 20.1, 'coffee': 17.7, 'white floral': 16.3, 'warm spicy': 12.9, 'sweet': 11.9, 'citrus': 11.1, 'powdery': 10.1}",{'Orange Blossom': 0.2299},{'Coffee': 0.3103},{'Vanilla': 0.4598},"{'love': 34.1, 'like': 43.7, 'ok': 15.3, 'dislike': 5.2, 'hate': 1.7}","{'winter': 33.6, 'spring': 19.5, 'summer': 12.4, 'fall': 34.6}","{'day': 45.9, 'night': 54.1}",7.0,43.6,29.3,54.1,49.3,"A for women perfume with vanilla, coffee, white floral, warm spicy, sweet, citrus, powdery accords. Features notes of Orange Blossom. Good for {'winter': 97.0962, 'spring': 56.4428, 'summer': 35.7532, 'fall': 100.0, 'day': 78.9474, 'night': 93.1034}."
h4,for women and men,"{'amber': 100.0, 'smoky': 78.3139, 'woody': 75.0813, 'oud': 72.5703, 'cannabis': 66.344, 'balsamic': 64.2639, 'green': 59.0759, 'aromatic': 57.1046, 'warm spicy': 54.2863, 'tobacco': 53.4054}","{'very weak': '176', 'weak': '189', 'moderate': '744', 'long lasting': '2020', 'eternal': '3223'}","{'intimate': '381', 'moderate': '1408', 'strong': '2584', 'enormous': '2377'}","{'female': '62', 'more female': '51', 'unisex': '1460', 'more male': '1277', 'male': '1822'}","{'cannabis': 4.625, 'Green Notes': 3.2, 'Davana': 2.55, 'Saffron': 2.525, 'Thyme': 2.5}","{'Resins': 4.425, 'Woodsy Notes': 4.325, 'Tobacco': 3.85, 'Coffee': 3.15, 'Cinnamon': 2.5, 'Violet': 2.5, 'Raspberry': 2.5}","{'Agarwood (Oud)': 5.0, 'Incense': 4.925, 'Amber': 2.6, 'Animal notes': 2.575, 'Guaiac Wood': 2.575, 'Tonka': 2.55, 'Musk': 2.55, 'Gurjan balsam': 2.55, 'Cedar': 2.55, 'Ambroxan': 2.525, 'Vanilla': 2.525}","{'love': 100.0, 'like': 57.3295, 'ok': 13.8826, 'dislike': 24.2803, 'hate': 7.85985}","{'winter': 100.0, 'spring': 30.1587, 'summer': 17.7824, 'fall': 88.1758, 'day': 37.9342, 'night': 97.2625}","{'very weak': 2.8, 'weak': 3.0, 'moderate': 11.7, 'long lasting': 31.8, 'eternal': 50.7}","{'intimate': 5.6, 'moderate': 20.9, 'strong': 38.3, 'enormous': 35.2}","{'female': 1.3, 'more female': 1.1, 'unisex': 31.2, 'more male': 27.3, 'male': 39.0}","{'amber': 14.7, 'smoky': 11.5, 'woody': 11.1, 'oud': 10.6, 'cannabis': 9.7, 'balsamic': 9.4, 'green': 8.7, 'aromatic': 8.4, 'warm spicy': 8.0, 'tobacco': 7.8}","{'cannabis': 0.0646, 'Green Notes': 0.0447, 'Davana': 0.0356, 'Saffron': 0.0353, 'Thyme': 0.0349}","{'Resins': 0.0618, 'Woodsy Notes': 0.0604, 'Tobacco': 0.0538, 'Coffee': 0.044, 'Cinnamon': 0.0349, 'Violet': 0.0349, 'Raspberry': 0.0349}","{'Agarwood (Oud)': 0.0699, 'Incense': 0.0688, 'Amber': 0.0363, 'Animal notes': 0.036, 'Guaiac Wood': 0.036, 'Tonka': 0.0356, 'Musk': 0.0356, 'Gurjan balsam': 0.0356, 'Cedar': 0.0356, 'Ambroxan': 0.0353, 'Vanilla': 0.0353}","{'love': 49.8, 'like': 28.4, 'ok': 6.5, 'dislike': 11.9, 'hate': 3.5}","{'winter': 42.4, 'spring': 12.8, 'summer': 7.5, 'fall': 37.3}","{'day': 28.1, 'night': 71.9}",75.4,81.2,67.7,71.9,46.6,"A for women and men perfume with amber, smoky, woody, oud, cannabis, balsamic, green, aromatic, warm spicy, tobacco accords. Features notes of cannabis, Green Notes, Davana, Saffron, Thyme. Good for {'winter': 100.0, 'spring': 30.1587, 'summer': 17.7824, 'fall': 88.1758, 'day': 37.9342, 'night': 97.2625}."
h5,for women and men,"{'powdery': 100.0, 'musky': 99.7674, 'floral': 76.5116, 'white floral': 71.8606, 'vanilla': 67.2092, 'violet': 62.5582, 'sweet': 56.0463, 'honey': 53.2558, 'animalic': 51.1627, 'aquatic': 48.6048}","{'very weak': '0', 'weak': '0', 'moderate': '1', 'long lasting': '4', 'eternal': '1'}","{'intimate': '2', 'moderate': '2', 'strong': '2', 'enormous': '0'}","{'female': '2', 'more female': '3', 'unisex': '2', 'more male': '1', 'male': '0'}","{'Lily': 3.5, 'Vanilla': 3.25, 'Violet': 3.0}","{'White Musk': 5.0, 'Lotus': 3.25, 'Honey': 2.5}","{'White Musk': 5.0, 'Lotus': 3.25, 'Honey': 2.5}","{'love': 100.0, 'like': 44.4444, 'ok': 11.1111, 'dislike': 0.0, 'hate': 0.0}","{'winter': 71.4286, 'spring': 100.0, 'summer': 85.7143, 'fall': 100.0, 'day': 100.0, 'night': 85.7143}","{'very weak': 0.0, 'weak': 0.0, 'moderate': 16.7, 'long lasting': 66.7, 'eternal': 16.7}","{'intimate': 33.3, 'moderate': 33.3, 'strong': 33.3, 'enormous': 0.0}","{'female': 25.0, 'more female': 37.5, 'unisex': 25.0, 'more male': 12.5, 'male': 0.0}","{'powdery': 14.6, 'musky': 14.5, 'floral': 11.1, 'white floral': 10.4, 'vanilla': 9.8, 'violet': 9.1, 'sweet': 8.2, 'honey': 7.8, 'animalic': 7.5, 'aquatic': 7.0}","{'Lily': 0.112, 'Vanilla': 0.104, 'Violet': 0.096}","{'White Musk': 0.16, 'Lotus': 0.104, 'Honey': 0.08}","{'White Musk': 0.16, 'Lotus': 0.104, 'Honey': 0.08}","{'love': 64.5, 'like': 28.4, 'ok': 7.1, 'dislike': 0.0, 'hate': 0.0}","{'winter': 20.0, 'spring': 28.0, 'summer': 24.0, 'fall': 28.0}","{'day': 53.8, 'night': 46.2}",31.2,75.0,33.3,46.2,53.3,"A for women and men perfume with powdery, musky, floral, white floral, vanilla, violet, sweet, honey, animalic, aquatic accords. Features notes of Lily, Vanilla, Violet. Good for {'winter': 71.4286, 'spring': 100.0, 'summer': 85.7143, 'fall': 100.0, 'day': 100.0, 'night': 85.7143}."
h12,for women and men,"{'lavender': 100.0, 'woody': 100.0, 'citrus': 86.5385, 'floral': 71.9997, 'musky': 67.6923, 'fresh spicy': 62.3077, 'aromatic': 60.8267, 'fresh': 58.2693, 'fruity': 56.923, 'sweet': 50.7309}","{'very weak': '2', 'weak': '5', 'moderate': '3', 'long lasting': '7', 'eternal': '9'}","{'intimate': '6', 'moderate': '7', 'strong': '3', 'enormous': '9'}","{'female': '0', 'more female': '0', 'unisex': '0', 'more male': '1', 'male': '4'}","{'Lavender': 5.0, 'Citruses': 4.225}","{'Floral Notes': 2.975, 'Fruity Notes': 2.5}","{'Woodsy Notes': 5.0, 'Musk': 3.125}","{'love': 61.1111, 'like': 100.0, 'ok': 0.0, 'dislike': 38.8889, 'hate': 0.0}","{'winter': 33.3333, 'spring': 38.8889, 'summer': 94.4444, 'fall': 33.3333, 'day': 100.0, 'night': 27.7778}","{'very weak': 7.7, 'weak': 19.2, 'moderate': 11.5, 'long lasting': 26.9, 'eternal': 34.6}","{'intimate': 24.0, 'moderate': 28.0, 'strong': 12.0, 'enormous': 36.0}","{'female': 0.0, 'more female': 0.0, 'unisex': 0.0, 'more male': 20.0, 'male': 80.0}","{'lavender': 14.1, 'woody': 14.1, 'citrus': 12.1, 'floral': 10.0, 'musky': 9.4, 'fresh spicy': 8.7, 'aromatic': 8.5, 'fresh': 8.2, 'fruity': 7.9, 'sweet': 7.0}","{'Lavender': 0.2191, 'Citruses': 0.1851}","{'Floral Notes': 0.1303, 'Fruity Notes': 0.1095}","{'Woodsy Notes': 0.2191, 'Musk': 0.1369}","{'love': 30.7, 'like': 50.3, 'ok': 0.0, 'dislike': 19.1, 'hate': 0.0}","{'winter': 16.7, 'spring': 19.4, 'summer': 47.2, 'fall': 16.7}","{'day': 78.3, 'night': 21.7}",95.0,65.4,53.3,21.7,54.6,"A for women and men perfume with lavender, woody, citrus, floral, musky, fresh spicy, aromatic, fresh, fruity, sweet accords. Features notes of Lavender, Citruses. Good for {'winter': 33.3333, 'spring': 38.8889, 'summer': 94.4444, 'fall': 33.3333, 'day': 100.0, 'night': 27.7778}."
h13,for women,"{'rose': 100.0, 'floral': 91.2499, 'warm spicy': 80.8084, 'musky': 75.7917, 'powdery': 73.0206, 'woody': 70.2498}","{'very weak': '11', 'weak': '19', 'moderate': '61', 'long lasting': '117', 'eternal': '89'}","{'intimate': '28', 'moderate': '105', 'strong': '136', 'enormous': '73'}","{'female': '69', 'more female': '27', 'unisex': '53', 'more male': '2', 'male': '4'}","{'Rose': 5.0, 'Spices': 3.275, 'Musk': 2.975, 'Floral Notes': 2.5, 'Sandalwood': 2.5}",{},{},"{'love': 76.1682, 'like': 100.0, 'ok': 13.0841, 'dislike': 21.028, 'hate': 1.40187}","{'winter': 87.1622, 'spring': 83.7838, 'summer': 50.0, 'fall': 80.4054, 'day': 100.0, 'night': 81.0811}","{'very weak': 3.7, 'weak': 6.4, 'moderate': 20.5, 'long lasting': 39.4, 'eternal': 30.0}","{'intimate': 8.2, 'moderate': 30.7, 'strong': 39.8, 'enormous': 21.3}","{'female': 44.5, 'more female': 17.4, 'unisex': 34.2, 'more male': 1.3, 'male': 2.6}","{'rose': 20.4, 'floral': 18.6, 'warm spicy': 16.4, 'musky': 15.3, 'powdery': 14.9, 'woody': 14.3}","{'Rose': 0.3077, 'Spices': 0.2015, 'Musk': 0.1831, 'Floral Notes': 0.1538, 'Sandalwood': 0.1538}",{},{},"{'love': 36.0, 'like': 47.4, 'ok': 6.2, 'dislike': 10.0, 'hate': 0.5}","{'winter': 28.9, 'spring': 27.8, 'summer': 16.6, 'fall': 26.7}","{'day': 55.2, 'night': 44.8}",25.0,71.4,58.1,44.8,47.0,"A for women perfume with rose, floral, warm spicy, musky, powdery, woody accords. Features notes of Rose, Spices, Musk, Floral Notes, Sandalwood. Good for {'winter': 87.1622, 'spring': 83.7838, 'summer': 50.0, 'fall': 80.4054, 'day': 100.0, 'night': 81.0811}."
h17,for women and men,"{'aromatic': 100.0, 'woody': 76.9124, 'fresh spicy': 58.8942, 'herbal': 56.636, 'oud': 54.4239, 'lavender': 53.5024, 'earthy': 47.143, 'soft spicy': 45.6683, 'patchouli': 45.2073}","{'very weak': '8', 'weak': '12', 'moderate': '50', 'long lasting': '56', 'eternal': '17'}","{'intimate': '15', 'moderate': '57', 'strong': '68', 'enormous': '32'}","{'female': '5', 'more female': '2', 'unisex': '51', 'more male': '37', 'male': '35'}","{'Agarwood (Oud)': 4.05, 'Cedar': 2.5}","{'Sage': 5.0, 'Lavender': 3.85, 'Rosemary': 3.525}","{'Vetiver': 3.175, 'Patchouli': 2.625}","{'love': 58.8235, 'like': 100.0, 'ok': 29.4118, 'dislike': 34.1176, 'hate': 17.6471}","{'winter': 67.4699, 'spring': 100.0, 'summer': 66.2651, 'fall': 86.747, 'day': 89.1566, 'night': 69.8795}","{'very weak': 5.6, 'weak': 8.4, 'moderate': 35.0, 'long lasting': 39.2, 'eternal': 11.9}","{'intimate': 8.7, 'moderate': 33.1, 'strong': 39.5, 'enormous': 18.6}","{'female': 3.8, 'more female': 1.5, 'unisex': 39.2, 'more male': 28.5, 'male': 26.9}","{'aromatic': 18.7, 'woody': 14.2, 'fresh spicy': 10.9, 'herbal': 10.5, 'oud': 10.1, 'lavender': 9.9, 'earthy': 8.8, 'soft spicy': 8.4, 'patchouli': 8.4}","{'Agarwood (Oud)': 0.1638, 'Cedar': 0.1011}","{'Sage': 0.2022, 'Lavender': 0.1557, 'Rosemary': 0.1426}","{'Vetiver': 0.1284, 'Patchouli': 0.1062}","{'love': 24.4, 'like': 42.0, 'ok': 12.2, 'dislike': 14.3, 'hate': 7.1}","{'winter': 21.1, 'spring': 31.2, 'summer': 20.7, 'fall': 27.1}","{'day': 56.1, 'night': 43.9}",68.3,60.8,56.0,43.9,51.2,"A for women and men perfume with aromatic, woody, fresh spicy, herbal, oud, lavender, earthy, soft spicy, patchouli accords. Features notes of Agarwood (Oud), Cedar. Good for {'winter': 67.4699, 'spring': 100.0, 'summer': 66.2651, 'fall': 86.747, 'day': 89.1566, 'night': 69.8795}."
h18,for women and men,"{'sweet': 100.0, 'warm spicy': 81.7488, 'vanilla': 80.1869, 'amber': 77.1293, 'cinnamon': 67.6038, 'woody': 48.912, 'fresh spicy': 48.7276, 'fruity': 44.246}","{'very weak': '151', 'weak': '328', 'moderate': '3566', 'long lasting': '8795', 'eternal': '2805'}","{'intimate': '468', 'moderate': '5050', 'strong': '7990', 'enormous': '1635'}","{'female': '1149', 'more female': '2133', 'unisex': '9606', 'more male': '2347', 'male': '939'}","{'Cinnamon': 5.0, 'Nutmeg': 3.45, 'Bergamot': 2.55}","{'Dates': 4.325, 'Praline': 3.975, 'Tuberose': 2.6, 'Mahonial': 2.5}","{'Vanilla': 4.65, 'Tonka Bean': 3.65, 'Amberwood': 3.275, 'Myrrh': 3.075, 'Benzoin': 3.025, 'Akigalawood': 2.9}","{'love': 100.0, 'like': 44.2916, 'ok': 14.2125, 'dislike': 8.65696, 'hate': 4.90831}","{'winter': 100.0, 'spring': 22.2011, 'summer': 12.7931, 'fall': 83.4848, 'day': 37.8957, 'night': 80.3048}","{'very weak': 1.0, 'weak': 2.1, 'moderate': 22.8, 'long lasting': 56.2, 'eternal': 17.9}","{'intimate': 3.1, 'moderate': 33.3, 'strong': 52.8, 'enormous': 10.8}","{'female': 7.1, 'more female': 13.2, 'unisex': 59.4, 'more male': 14.5, 'male': 5.8}","{'sweet': 18.3, 'warm spicy': 14.9, 'vanilla': 14.7, 'amber': 14.1, 'cinnamon': 12.3, 'woody': 8.8, 'fresh spicy': 8.8, 'fruity': 8.1}","{'Cinnamon': 0.1112, 'Nutmeg': 0.0767, 'Bergamot': 0.0567}","{'Dates': 0.0962, 'Praline': 0.0884, 'Tuberose': 0.0578, 'Mahonial': 0.0556}","{'Vanilla': 0.1034, 'Tonka Bean': 0.0812, 'Amberwood': 0.0728, 'Myrrh': 0.0684, 'Benzoin': 0.0673, 'Akigalawood': 0.0645}","{'love': 58.8, 'like': 25.9, 'ok': 8.2, 'dislike': 4.7, 'hate': 2.4}","{'winter': 45.8, 'spring': 10.2, 'summer': 5.9, 'fall': 38.2}","{'day': 32.1, 'night': 67.9}",49.7,72.0,57.1,67.9,45.5,"A for women and men perfume with sweet, warm spicy, vanilla, amber, cinnamon, woody, fresh spicy, fruity accords. Features notes of Cinnamon, Nutmeg, Bergamot. Good for {'winter': 100.0, 'spring': 22.2011, 'summer': 12.7931, 'fall': 83.4848, 'day': 37.8957, 'night': 80.3048}."
h21,for women and men,"{'musky': 100.0, 'powdery': 85.7327, 'citrus': 81.054, 'vanilla': 78.8194, 'sweet': 73.9961, 'fruity': 61.3482, 'amber': 53.2853, 'fresh spicy': 48.9753, 'aquatic': 46.7191, 'animalic': 45.157}","{'very weak': '38', 'weak': '84', 'moderate': '525', 'long lasting': '688', 'eternal': '254'}","{'intimate': '105', 'moderate': '644', 'strong': '630', 'enormous': '189'}","{'female': '353', 'more female': '395', 'unisex': '733', 'more male': '89', 'male': '45'}","{'Bergamot': 2.875, 'Orange': 2.5}","{'Vanilla': 3.85, 'Pear': 3.525}","{'Musk': 5.0, 'Amber': 2.575}","{'love': 100.0, 'like': 94.4669, 'ok': 38.4615, 'dislike': 24.4265, 'hate': 17.6788}","{'winter': 52.1359, 'spring': 97.0874, 'summer': 89.1262, 'fall': 73.8835, 'day': 100.0, 'night': 62.9126}","{'very weak': 2.4, 'weak': 5.3, 'moderate': 33.0, 'long lasting': 43.3, 'eternal': 16.0}","{'intimate': 6.7, 'moderate': 41.1, 'strong': 40.2, 'enormous': 12.1}","{'female': 21.9, 'more female': 24.5, 'unisex': 45.4, 'more male': 5.5, 'male': 2.8}","{'musky': 14.9, 'powdery': 12.7, 'citrus': 12.1, 'vanilla': 11.6, 'sweet': 10.9, 'fruity': 9.1, 'amber': 7.9, 'fresh spicy': 7.2, 'aquatic': 6.9, 'animalic': 6.7}","{'Bergamot': 0.1415, 'Orange': 0.123}","{'Vanilla': 0.1894, 'Pear': 0.1734}","{'Musk': 0.246, 'Amber': 0.1267}","{'love': 36.6, 'like': 34.4, 'ok': 13.9, 'dislike': 8.8, 'hate': 6.2}","{'winter': 16.7, 'spring': 31.1, 'summer': 28.5, 'fall': 23.7}","{'day': 61.4, 'night': 38.6}",35.7,66.3,52.5,38.6,53.1,"A for women and men perfume with musky, powdery, citrus, vanilla, sweet, fruity, amber, fresh spicy, aquatic, animalic accords. Features notes of Bergamot, Orange. Good for {'winter': 52.1359, 'spring': 97.0874, 'summer': 89.1262, 'fall': 73.8835, 'day': 100.0, 'night': 62.9126}."
h24,for women and men,"{'cherry': 100.0, 'sweet': 94.3207, 'almond': 86.9121, 'nutty': 77.345, 'fruity': 73.7301, 'vanilla': 64.3773, 'warm spicy': 58.113, 'amber': 54.6754, 'woody': 52.0563, 'balsamic': 48.5998}","{'very weak': '492', 'weak': '1187', 'moderate': '3397', 'long lasting': '2032', 'eternal': '598'}","{'intimate': '1215', 'moderate': '4040', 'strong': '1822', 'enormous': '656'}","{'female': '2953', 'more female': '2231', 'unisex': '2269', 'more male': '102', 'male': '102'}","{'Bitter Almond': 4.25, 'Black Cherry': 3.35, 'Cherry Liqueur': 3.025}","{'Sour Cherry': 5.0, 'Plum': 2.875, 'Turkish Rose': 2.575, 'Jasmine Sambac': 2.5}","{'Vanilla': 3.35, 'Tonka Bean': 3.275, 'Cinnamon': 2.925, 'Peru Balsam': 2.85, 'Sandalwood': 2.8, 'Benzoin': 2.775, 'Cloves': 2.675, 'Cedar': 2.625, 'Patchouli': 2.55, 'Vetiver': 2.525}","{'love': 100.0, 'like': 61.2204, 'ok': 23.0007, 'dislike': 17.5736, 'hate': 7.10696}","{'winter': 96.1172, 'spring': 53.6264, 'summer': 34.7436, 'fall': 100.0, 'day': 65.4762, 'night': 93.6447}","{'very weak': 6.4, 'weak': 15.4, 'moderate': 44.1, 'long lasting': 26.4, 'eternal': 7.8}","{'intimate': 15.7, 'moderate': 52.2, 'strong': 23.6, 'enormous': 8.5}","{'female': 38.6, 'more female': 29.1, 'unisex': 29.6, 'more male': 1.3, 'male': 1.3}","{'cherry': 14.2, 'sweet': 13.3, 'almond': 12.2, 'nutty': 10.9, 'fruity': 10.3, 'vanilla': 9.1, 'warm spicy': 8.2, 'amber': 7.6, 'woody': 7.4, 'balsamic': 6.8}","{'Bitter Almond': 0.0818, 'Black Cherry': 0.0645, 'Cherry Liqueur': 0.0583}","{'Sour Cherry': 0.0963, 'Plum': 0.0554, 'Turkish Rose': 0.0496, 'Jasmine Sambac': 0.0481}","{'Vanilla': 0.0645, 'Tonka Bean': 0.0631, 'Cinnamon': 0.0563, 'Peru Balsam': 0.0549, 'Sandalwood': 0.0539, 'Benzoin': 0.0534, 'Cloves': 0.0515, 'Cedar': 0.0506, 'Patchouli': 0.0491, 'Vetiver': 0.0486}","{'love': 48.1, 'like': 29.3, 'ok': 11.1, 'dislike': 8.2, 'hate': 3.4}","{'winter': 33.8, 'spring': 18.9, 'summer': 12.2, 'fall': 35.2}","{'day': 41.1, 'night': 58.9}",24.4,53.4,41.6,58.9,49.6,"A for women and men perfume with cherry, sweet, almond, nutty, fruity, vanilla, warm spicy, amber, woody, balsamic accords. Features notes of Bitter Almond, Black Cherry, Cherry Liqueur. Good for {'winter': 96.1172, 'spring': 53.6264, 'summer': 34.7436, 'fall': 100.0, 'day': 65.4762, 'night': 93.6447}."
h25,for women and men,"{'amber': 100.0, 'oud': 82.3236, 'warm spicy': 78.2949, 'rose': 72.2704, 'smoky': 71.9879, 'woody': 57.73, 'fruity': 57.1295, 'leather': 55.5491, 'balsamic': 50.9579, 'sweet': 48.9905}","{'very weak': '53', 'weak': '50', 'moderate': '288', 'long lasting': '999', 'eternal': '2197'}","{'intimate': '79', 'moderate': '434', 'strong': '1265', 'enormous': '1779'}","{'female': '60', 'more female': '46', 'unisex': '764', 'more male': '989', 'male': '1555'}","{'Agarwood (Oud)': 5.0, 'Incense': 4.075, 'Rose': 3.975, 'Raspberry': 3.625, 'Amberwood': 3.325, 'Saffron': 3.275, 'Birch': 3.075, 'Benzoin': 3.05, 'Geranium': 2.5}",{},{},"{'love': 100.0, 'like': 28.1261, 'ok': 11.4423, 'dislike': 10.8599, 'hate': 7.15999}","{'winter': 100.0, 'spring': 27.1668, 'summer': 13.2556, 'fall': 79.3882, 'day': 29.4246, 'night': 88.7109}","{'very weak': 1.5, 'weak': 1.4, 'moderate': 8.0, 'long lasting': 27.9, 'eternal': 61.2}","{'intimate': 2.2, 'moderate': 12.2, 'strong': 35.6, 'enormous': 50.0}","{'female': 1.8, 'more female': 1.3, 'unisex': 22.4, 'more male': 29.0, 'male': 45.5}","{'amber': 14.9, 'oud': 12.2, 'warm spicy': 11.6, 'rose': 10.7, 'smoky': 10.6, 'woody': 8.5, 'fruity': 8.5, 'leather': 8.2, 'balsamic': 7.5, 'sweet': 7.2}","{'Agarwood (Oud)': 0.1567, 'Incense': 0.1277, 'Rose': 0.1246, 'Raspberry': 0.1136, 'Amberwood': 0.1042, 'Saffron': 0.1027, 'Birch': 0.0964, 'Benzoin': 0.0956, 'Geranium': 0.0784}",{},{},"{'love': 64.1, 'like': 17.9, 'ok': 7.1, 'dislike': 6.4, 'hate': 4.5}","{'winter': 45.5, 'spring': 12.4, 'summer': 6.0, 'fall': 36.1}","{'day': 24.9, 'night': 75.1}",78.8,86.5,77.8,75.1,44.2,"A for women and men perfume with amber, oud, warm spicy, rose, smoky, woody, fruity, leather, balsamic, sweet accords. Features notes of Agarwood (Oud), Incense, Rose, Raspberry, Amberwood, Saffron, Birch, Benzoin, Geranium. Good for {'winter': 100.0, 'spring': 27.1668, 'summer': 13.2556, 'fall': 79.3882, 'day': 29.4246, 'night': 88.7109}."
m4,for women,"{'white floral': 100.0, 'amber': 72.2803, 'floral': 44.0}","{'very weak': '214', 'weak': '516', 'moderate': '2875', 'long lasting': '5344', 'eternal': '4931'}","{'intimate': '571', 'moderate': '3419', 'strong': '5783', 'enormous': '4157'}","{'female': '5913', 'more female': '1805', 'unisex': '907', 'more male': '36', 'male': '56'}",{'Jasmine Sambac': 5.0},{'Cashmeran': 2.5},{'Amber': 3.9},"{'love': 100.0, 'like': 67.5211, 'ok': 12.1686, 'dislike': 35.4064, 'hate': 6.21922}","{'winter': 92.6734, 'spring': 39.8112, 'summer': 23.1575, 'fall': 76.4528, 'day': 48.3935, 'night': 100.0}","{'very weak': 1.5, 'weak': 3.7, 'moderate': 20.7, 'long lasting': 38.5, 'eternal': 35.5}","{'intimate': 4.1, 'moderate': 24.5, 'strong': 41.5, 'enormous': 29.8}","{'female': 67.8, 'more female': 20.7, 'unisex': 10.4, 'more male': 0.4, 'male': 0.6}","{'white floral': 46.3, 'amber': 33.3, 'floral': 20.4}",{'Jasmine Sambac': 0.4386},{'Cashmeran': 0.2193},{'Amber': 0.3421},"{'love': 45.5, 'like': 30.5, 'ok': 5.5, 'dislike': 15.9, 'hate': 2.7}","{'winter': 39.9, 'spring': 17.2, 'summer': 10.0, 'fall': 32.9}","{'day': 32.6, 'night': 67.4}",11.3,75.7,65.7,67.4,45.3,"A for women perfume with white floral, amber, floral accords. Features notes of Jasmine Sambac. Good for {'winter': 92.6734, 'spring': 39.8112, 'summer': 23.1575, 'fall': 76.4528, 'day': 48.3935, 'night': 100.0}."
m5,for women,"{'fruity': 100.0, 'sweet': 83.9242, 'vanilla': 76.2208, 'citrus': 75.9302, 'fresh': 73.7499, 'green': 69.5928, 'fresh spicy': 66.0901, 'lactonic': 60.8138}","{'very weak': '31', 'weak': '84', 'moderate': '144', 'long lasting': '39', 'eternal': '11'}","{'intimate': '81', 'moderate': '180', 'strong': '50', 'enormous': '38'}","{'female': '179', 'more female': '13', 'unisex': '1', 'more male': '1', 'male': '2'}","{'Apple': 5.0, 'Whipped Cream': 4.375, 'Bergamot': 2.5}",{},{},"{'love': 100.0, 'like': 99.4269, 'ok': 7.16332, 'dislike': 18.3381, 'hate': 0.573066}","{'winter': 23.1544, 'spring': 79.5302, 'summer': 92.2819, 'fall': 34.5638, 'day': 100.0, 'night': 33.2215}","{'very weak': 10.0, 'weak': 27.2, 'moderate': 46.6, 'long lasting': 12.6, 'eternal': 3.6}","{'intimate': 23.2, 'moderate': 51.6, 'strong': 14.3, 'enormous': 10.9}","{'female': 91.3, 'more female': 6.6, 'unisex': 0.5, 'more male': 0.5, 'male': 1.0}","{'fruity': 16.6, 'sweet': 13.8, 'vanilla': 12.6, 'citrus': 12.5, 'fresh': 12.1, 'green': 11.5, 'fresh spicy': 11.0, 'lactonic': 10.0}","{'Apple': 0.4211, 'Whipped Cream': 0.3684, 'Bergamot': 0.2105}",{},{},"{'love': 44.6, 'like': 44.2, 'ok': 3.1, 'dislike': 8.0, 'hate': 0.0}","{'winter': 10.1, 'spring': 34.6, 'summer': 40.2, 'fall': 15.1}","{'day': 75.1, 'night': 24.9}",3.3,43.1,37.6,24.9,53.4,"A for women perfume with fruity, sweet, vanilla, citrus, fresh, green, fresh spicy, lactonic accords. Features notes of Apple, Whipped Cream, Bergamot. Good for {'winter': 23.1544, 'spring': 79.5302, 'summer': 92.2819, 'fall': 34.5638, 'day': 100.0, 'night': 33.2215}."
m8,for women,"{'white floral': 100.0, 'floral': 86.8234, 'fruity': 82.1264, 'sweet': 64.6261, 'fresh': 63.8896, 'aquatic': 55.0672, 'citrus': 54.8253, 'powdery': 51.2353, 'ozonic': 46.8371, 'tuberose': 46.8261}","{'very weak': '223', 'weak': '760', 'moderate': '3681', 'long lasting': '3119', 'eternal': '861'}","{'intimate': '849', 'moderate': '4350', 'strong': '2680', 'enormous': '753'}","{'female': '4671', 'more female': '464', 'unisex': '127', 'more male': '13', 'male': '15'}","{'Pear': 4.2, 'Melon': 3.8, 'Magnolia': 3.725, 'Peach': 3.35, 'Mandarin Orange': 2.7, 'Bergamot': 2.675}","{'Jasmine': 5.0, 'Lily-of-the-Valley': 3.8, 'Tuberose': 3.45, 'Freesia': 3.2, 'Rose': 3.05, 'Orchid': 2.725, 'Violet': 2.675, 'Plum': 2.65}","{'Musk': 3.075, 'Vanilla': 2.725, 'Cedar': 2.525, 'Blackberry': 2.5}","{'love': 75.3548, 'like': 100.0, 'ok': 15.6368, 'dislike': 50.2694, 'hate': 3.79019}","{'winter': 47.3678, 'spring': 92.1831, 'summer': 54.3625, 'fall': 66.4744, 'day': 100.0, 'night': 62.8543}","{'very weak': 2.6, 'weak': 8.8, 'moderate': 42.6, 'long lasting': 36.1, 'eternal': 10.0}","{'intimate': 9.8, 'moderate': 50.4, 'strong': 31.0, 'enormous': 8.7}","{'female': 88.3, 'more female': 8.8, 'unisex': 2.4, 'more male': 0.2, 'male': 0.3}","{'white floral': 15.5, 'floral': 13.3, 'fruity': 12.7, 'sweet': 9.9, 'fresh': 9.7, 'aquatic': 8.5, 'citrus': 8.3, 'powdery': 7.9, 'ozonic': 7.1, 'tuberose': 7.1}","{'Pear': 0.0726, 'Melon': 0.0657, 'Magnolia': 0.0644, 'Peach': 0.0579, 'Mandarin Orange': 0.0467, 'Bergamot': 0.0463}","{'Jasmine': 0.0865, 'Lily-of-the-Valley': 0.0657, 'Tuberose': 0.0597, 'Freesia': 0.0553, 'Rose': 0.0527, 'Orchid': 0.0471, 'Violet': 0.0463, 'Plum': 0.0458}","{'Musk': 0.0532, 'Vanilla': 0.0471, 'Cedar': 0.0437, 'Blackberry': 0.0432}","{'love': 30.9, 'like': 41.2, 'ok': 6.2, 'dislike': 20.6, 'hate': 1.2}","{'winter': 18.2, 'spring': 35.4, 'summer': 20.9, 'fall': 25.5}","{'day': 61.4, 'night': 38.6}",3.9,60.5,46.2,38.6,51.2,"A for women perfume with white floral, floral, fruity, sweet, fresh, aquatic, citrus, powdery, ozonic, tuberose accords. Features notes of Pear, Melon, Magnolia, Peach, Mandarin Orange, Bergamot. Good for {'winter': 47.3678, 'spring': 92.1831, 'summer': 54.3625, 'fall': 66.4744, 'day': 100.0, 'night': 62.8543}."
m9,for women,"{'rose': 100.0, 'fruity': 86.2172, 'vanilla': 80.8161, 'amber': 74.3221, 'tropical': 60.3249, 'fresh': 58.5518, 'sweet': 55.0289, 'woody': 54.0281, 'oud': 53.3973, 'floral': 53.1278}","{'very weak': '71', 'weak': '94', 'moderate': '637', 'long lasting': '1459', 'eternal': '1044'}","{'intimate': '151', 'moderate': '1027', 'strong': '1555', 'enormous': '713'}","{'female': '2566', 'more female': '255', 'unisex': '100', 'more male': '14', 'male': '25'}","{'Litchi': 4.3, 'Pear': 3.475, 'Bergamot': 3.0, 'Grapefruit': 2.575, 'Pink Pepper': 2.525}","{'Turkish Rose': 5.0, 'Agarwood (Oud)': 3.3, 'Incense': 3.275}","{'Vanilla': 4.3, 'Amber': 3.325, 'Woody Notes': 3.15, 'Musk': 2.6, 'Vetiver': 2.5, 'Evernyl': 2.5}","{'love': 100.0, 'like': 42.1889, 'ok': 19.035, 'dislike': 18.6231, 'hate': 6.67843}","{'winter': 90.3241, 'spring': 100.0, 'summer': 56.5524, 'fall': 93.8938, 'day': 96.5712, 'night': 88.1165}","{'very weak': 2.1, 'weak': 2.8, 'moderate': 19.3, 'long lasting': 44.1, 'eternal': 31.6}","{'intimate': 4.4, 'moderate': 29.8, 'strong': 45.1, 'enormous': 20.7}","{'female': 86.7, 'more female': 8.6, 'unisex': 3.4, 'more male': 0.5, 'male': 0.8}","{'rose': 14.9, 'fruity': 12.8, 'vanilla': 11.9, 'amber': 11.0, 'tropical': 8.9, 'fresh': 8.6, 'sweet': 8.2, 'woody': 8.0, 'oud': 7.9, 'floral': 7.9}","{'Litchi': 0.0938, 'Pear': 0.0758, 'Bergamot': 0.0655, 'Grapefruit': 0.0562, 'Pink Pepper': 0.0551}","{'Turkish Rose': 0.1091, 'Agarwood (Oud)': 0.072, 'Incense': 0.0715}","{'Vanilla': 0.0938, 'Amber': 0.0726, 'Woody Notes': 0.0687, 'Musk': 0.0567, 'Vetiver': 0.0546, 'Evernyl': 0.0546}","{'love': 54.1, 'like': 22.7, 'ok': 10.3, 'dislike': 9.7, 'hate': 3.2}","{'winter': 26.5, 'spring': 29.3, 'summer': 16.6, 'fall': 27.6}","{'day': 52.3, 'night': 47.7}",5.0,75.1,60.7,47.7,48.4,"A for women perfume with rose, fruity, vanilla, amber, tropical, fresh, sweet, woody, oud, floral accords. Features notes of Litchi, Pear, Bergamot, Grapefruit, Pink Pepper. Good for {'winter': 90.3241, 'spring': 100.0, 'summer': 56.5524, 'fall': 93.8938, 'day': 96.5712, 'night': 88.1165}."
m12,for women,"{'caramel': 100.0, 'vanilla': 98.6897, 'white floral': 77.613, 'sweet': 71.7378, 'salty': 54.8988, 'powdery': 50.6068, 'balsamic': 47.3035}","{'very weak': '56', 'weak': '87', 'moderate': '546', 'long lasting': '414', 'eternal': '98'}","{'intimate': '153', 'moderate': '662', 'strong': '304', 'enormous': '65'}","{'female': '980', 'more female': '124', 'unisex': '36', 'more male': '4', 'male': '9'}",{'Jasmine': 3.55},"{'Caramel': 5.0, 'Salt': 2.5}",{'Vanilla': 4.925},"{'love': 100.0, 'like': 51.4239, 'ok': 21.3995, 'dislike': 13.1001, 'hate': 4.31245}","{'winter': 100.0, 'spring': 43.6932, 'summer': 21.5943, 'fall': 97.8809, 'day': 54.3895, 'night': 97.78}","{'very weak': 4.7, 'weak': 7.2, 'moderate': 45.5, 'long lasting': 34.5, 'eternal': 8.2}","{'intimate': 12.9, 'moderate': 55.9, 'strong': 25.7, 'enormous': 5.5}","{'female': 85.0, 'more female': 10.8, 'unisex': 3.1, 'more male': 0.3, 'male': 0.8}","{'caramel': 20.1, 'vanilla': 19.7, 'white floral': 15.5, 'sweet': 14.3, 'salty': 10.9, 'powdery': 10.1, 'balsamic': 9.5}",{'Jasmine': 0.2222},"{'Caramel': 0.313, 'Salt': 0.1565}",{'Vanilla': 0.3083},"{'love': 52.9, 'like': 27.0, 'ok': 11.1, 'dislike': 6.9, 'hate': 2.1}","{'winter': 38.0, 'spring': 16.6, 'summer': 8.2, 'fall': 37.2}","{'day': 35.7, 'night': 64.3}",5.3,58.6,41.3,64.3,48.2,"A for women perfume with caramel, vanilla, white floral, sweet, salty, powdery, balsamic accords. Features notes of Jasmine. Good for {'winter': 100.0, 'spring': 43.6932, 'summer': 21.5943, 'fall': 97.8809, 'day': 54.3895, 'night': 97.78}."
m15,for women,"{'white floral': 100.0, 'tuberose': 69.3362}","{'very weak': '208', 'weak': '501', 'moderate': '1922', 'long lasting': '1065', 'eternal': '271'}","{'intimate': '576', 'moderate': '2231', 'strong': '989', 'enormous': '421'}","{'female': '2474', 'more female': '375', 'unisex': '148', 'more male': '8', 'male': '14'}",{'Jasmine': 4.95},{'Tuberose': 5.0},{'Rangoon Creeper': 2.5},"{'love': 81.808, 'like': 100.0, 'ok': 26.3924, 'dislike': 44.7523, 'hate': 8.67618}","{'winter': 24.8442, 'spring': 100.0, 'summer': 57.7916, 'fall': 41.9412, 'day': 91.8077, 'night': 30.187}","{'very weak': 5.2, 'weak': 12.6, 'moderate': 48.4, 'long lasting': 26.8, 'eternal': 6.8}","{'intimate': 13.7, 'moderate': 52.9, 'strong': 23.5, 'enormous': 10.0}","{'female': 81.9, 'more female': 12.4, 'unisex': 4.9, 'more male': 0.3, 'male': 0.5}","{'white floral': 59.2, 'tuberose': 40.8}",{'Jasmine': 0.3976},{'Tuberose': 0.4016},{'Rangoon Creeper': 0.2008},"{'love': 31.3, 'like': 38.6, 'ok': 10.0, 'dislike': 17.0, 'hate': 3.1}","{'winter': 11.1, 'spring': 44.5, 'summer': 25.7, 'fall': 18.7}","{'day': 75.3, 'night': 24.7}",6.3,54.4,43.2,24.7,50.7,"A for women perfume with white floral, tuberose accords. Features notes of Jasmine. Good for {'winter': 24.8442, 'spring': 100.0, 'summer': 57.7916, 'fall': 41.9412, 'day': 91.8077, 'night': 30.187}."
m16,for women,"{'sweet': 100.0, 'white floral': 98.5475, 'warm spicy': 93.0826, 'vanilla': 92.3433, 'amber': 69.5186, 'cacao': 68.3627, 'woody': 65.6016, 'tuberose': 63.2931, 'almond': 61.0967, 'powdery': 60.3854}","{'very weak': '268', 'weak': '782', 'moderate': '4333', 'long lasting': '4336', 'eternal': '1165'}","{'intimate': '926', 'moderate': '5192', 'strong': '3690', 'enormous': '1031'}","{'female': '7422', 'more female': '1092', 'unisex': '284', 'more male': '27', 'male': '44'}","{'Almond': 4.2, 'Coffee': 3.725, 'Bergamot': 2.875, 'Lemon': 2.6}","{'Tuberose': 4.375, 'Jasmine Sambac': 4.15, 'Orange Blossom': 2.875, 'Bulgarian Rose': 2.575, 'Orris': 2.5}","{'Tonka Bean': 5.0, 'Cacao': 4.725, 'Vanilla': 4.325, 'Praline': 3.65, 'Sandalwood': 2.925, 'Musk': 2.925, 'Amber': 2.875, 'Cashmere Wood': 2.775, 'Patchouli': 2.7, 'Cinnamon': 2.7, 'Cedar': 2.5}","{'love': 100.0, 'like': 83.2668, 'ok': 24.8416, 'dislike': 34.4989, 'hate': 7.12274}","{'winter': 89.021, 'spring': 35.9963, 'summer': 21.1845, 'fall': 82.4405, 'day': 41.0644, 'night': 100.0}","{'very weak': 2.5, 'weak': 7.2, 'moderate': 39.8, 'long lasting': 39.8, 'eternal': 10.7}","{'intimate': 8.5, 'moderate': 47.9, 'strong': 34.0, 'enormous': 9.5}","{'female': 83.7, 'more female': 12.3, 'unisex': 3.2, 'more male': 0.3, 'male': 0.5}","{'sweet': 13.0, 'white floral': 12.7, 'warm spicy': 12.1, 'vanilla': 12.0, 'amber': 9.0, 'cacao': 8.8, 'woody': 8.5, 'tuberose': 8.2, 'almond': 7.9, 'powdery': 7.8}","{'Almond': 0.0627, 'Coffee': 0.0556, 'Bergamot': 0.0429, 'Lemon': 0.0388}","{'Tuberose': 0.0653, 'Jasmine Sambac': 0.062, 'Orange Blossom': 0.0429, 'Bulgarian Rose': 0.0384, 'Orris': 0.0373}","{'Tonka Bean': 0.0747, 'Cacao': 0.0705, 'Vanilla': 0.0646, 'Praline': 0.0545, 'Sandalwood': 0.0437, 'Musk': 0.0437, 'Amber': 0.0429, 'Cashmere Wood': 0.0414, 'Patchouli': 0.0403, 'Cinnamon': 0.0403, 'Cedar': 0.0373}","{'love': 40.3, 'like': 33.5, 'ok': 9.7, 'dislike': 13.7, 'hate': 2.8}","{'winter': 38.9, 'spring': 15.7, 'summer': 9.3, 'fall': 36.1}","{'day': 29.1, 'night': 70.9}",5.4,62.2,48.2,70.9,47.5,"A for women perfume with sweet, white floral, warm spicy, vanilla, amber, cacao, woody, tuberose, almond, powdery accords. Features notes of Almond, Coffee, Bergamot, Lemon. Good for {'winter': 89.021, 'spring': 35.9963, 'summer': 21.1845, 'fall': 82.4405, 'day': 41.0644, 'night': 100.0}."
m17,for women,"{'fresh spicy': 100.0, 'warm spicy': 93.4872, 'white floral': 90.9128, 'coconut': 84.2262, 'lactonic': 66.8829, 'woody': 62.4798, 'powdery': 61.6464, 'sweet': 58.958, 'fresh': 58.879, 'musky': 54.2149}","{'very weak': '221', 'weak': '587', 'moderate': '2839', 'long lasting': '3824', 'eternal': '1803'}","{'intimate': '714', 'moderate': '3590', 'strong': '3712', 'enormous': '1516'}","{'female': '3763', 'more female': '1264', 'unisex': '586', 'more male': '51', 'male': '27'}","{'Pepper': 4.275, 'Ginger': 3.7, 'Cardamom': 3.675}","{'Coconut': 5.0, 'Gardenia': 4.4, 'Orange Blossom': 2.575, 'Peony': 2.5}","{'Sandalwood': 3.625, 'Musk': 3.1, 'Amber': 2.95}","{'love': 100.0, 'like': 89.5521, 'ok': 13.6805, 'dislike': 46.4365, 'hate': 4.15931}","{'winter': 86.2771, 'spring': 29.7128, 'summer': 26.2023, 'fall': 76.802, 'day': 39.419, 'night': 100.0}","{'very weak': 2.4, 'weak': 6.3, 'moderate': 30.6, 'long lasting': 41.2, 'eternal': 19.4}","{'intimate': 7.5, 'moderate': 37.7, 'strong': 38.9, 'enormous': 15.9}","{'female': 66.1, 'more female': 22.2, 'unisex': 10.3, 'more male': 0.9, 'male': 0.5}","{'fresh spicy': 13.8, 'warm spicy': 12.8, 'white floral': 12.4, 'coconut': 11.6, 'lactonic': 9.1, 'woody': 8.5, 'powdery': 8.4, 'sweet': 8.0, 'fresh': 8.0, 'musky': 7.4}","{'Pepper': 0.1194, 'Ginger': 0.1034, 'Cardamom': 0.1027}","{'Coconut': 0.1397, 'Gardenia': 0.1229, 'Orange Blossom': 0.0719, 'Peony': 0.0698}","{'Sandalwood': 0.1013, 'Musk': 0.0866, 'Amber': 0.0824}","{'love': 39.7, 'like': 35.3, 'ok': 5.2, 'dislike': 18.3, 'hate': 1.6}","{'winter': 39.4, 'spring': 13.6, 'summer': 12.0, 'fall': 35.1}","{'day': 28.3, 'night': 71.7}",11.9,67.2,54.4,71.7,47.6,"A for women perfume with fresh spicy, warm spicy, white floral, coconut, lactonic, woody, powdery, sweet, fresh, musky accords. Features notes of Pepper, Ginger, Cardamom. Good for {'winter': 86.2771, 'spring': 29.7128, 'summer': 26.2023, 'fall': 76.802, 'day': 39.419, 'night': 100.0}."
m18,for women,"{'citrus': 100.0, 'woody': 63.262, 'patchouli': 62.4072, 'sweet': 61.7797, 'white floral': 59.3752, 'rose': 52.838, 'earthy': 49.1675, 'vanilla': 48.5261, 'warm spicy': 48.0438, 'yellow floral': 47.9722}","{'very weak': '275', 'weak': '561', 'moderate': '3066', 'long lasting': '4763', 'eternal': '3430'}","{'intimate': '771', 'moderate': '4150', 'strong': '4960', 'enormous': '2273'}","{'female': '5582', 'more female': '784', 'unisex': '289', 'more male': '24', 'male': '54'}","{'Orange': 4.375, 'Mandarin Orange': 3.625, 'Bergamot': 3.575, 'Orange Blossom': 3.425}","{'Turkish Rose': 4.1, 'Jasmine': 3.225, 'Mimosa': 2.875, 'Ylang-Ylang': 2.8}","{'Patchouli': 5.0, 'White Musk': 3.075, 'Vanilla': 2.95, 'Vetiver': 2.925, 'Tonka Bean': 2.8, 'Opoponax': 2.5}","{'love': 100.0, 'like': 78.2803, 'ok': 11.0661, 'dislike': 27.5778, 'hate': 3.02691}","{'winter': 69.3031, 'spring': 85.3197, 'summer': 47.9311, 'fall': 80.5286, 'day': 100.0, 'night': 67.9568}","{'very weak': 2.3, 'weak': 4.6, 'moderate': 25.3, 'long lasting': 39.4, 'eternal': 28.4}","{'intimate': 6.3, 'moderate': 34.1, 'strong': 40.8, 'enormous': 18.7}","{'female': 82.9, 'more female': 11.6, 'unisex': 4.3, 'more male': 0.4, 'male': 0.8}","{'citrus': 17.0, 'woody': 10.7, 'patchouli': 10.5, 'sweet': 10.4, 'white floral': 10.0, 'rose': 8.8, 'earthy': 8.3, 'vanilla': 8.1, 'warm spicy': 8.1, 'yellow floral': 8.0}","{'Orange': 0.0926, 'Mandarin Orange': 0.0767, 'Bergamot': 0.0757, 'Orange Blossom': 0.0725}","{'Turkish Rose': 0.0868, 'Jasmine': 0.0683, 'Mimosa': 0.0608, 'Ylang-Ylang': 0.0593}","{'Patchouli': 0.1058, 'White Musk': 0.0651, 'Vanilla': 0.0624, 'Vetiver': 0.0619, 'Tonka Bean': 0.0593, 'Opoponax': 0.0529}","{'love': 45.7, 'like': 35.6, 'ok': 5.0, 'dislike': 12.3, 'hate': 1.4}","{'winter': 24.5, 'spring': 30.1, 'summer': 16.9, 'fall': 28.4}","{'day': 59.5, 'night': 40.5}",6.2,71.8,57.3,40.5,49.7,"A for women perfume with citrus, woody, patchouli, sweet, white floral, rose, earthy, vanilla, warm spicy, yellow floral accords. Features notes of Orange, Mandarin Orange, Bergamot, Orange Blossom. Good for {'winter': 69.3031, 'spring': 85.3197, 'summer': 47.9311, 'fall': 80.5286, 'day': 100.0, 'night': 67.9568}."
m21,for women,"{'sweet': 100.0, 'vanilla': 81.9449, 'fruity': 65.5852, 'patchouli': 57.855, 'woody': 57.2545, 'white floral': 53.4972, 'powdery': 52.745, 'iris': 48.6924, 'earthy': 48.6191, 'warm spicy': 47.7885}","{'very weak': '255', 'weak': '636', 'moderate': '3460', 'long lasting': '5774', 'eternal': '4665'}","{'intimate': '747', 'moderate': '4119', 'strong': '6207', 'enormous': '3691'}","{'female': '8085', 'more female': '466', 'unisex': '106', 'more male': '22', 'male': '39'}","{'Black Currant': 3.425, 'Pear': 2.975}","{'Iris': 3.1, 'Jasmine': 2.6, 'Orange Blossom': 2.5}","{'Praline': 5.0, 'Vanilla': 4.675, 'Patchouli': 3.825, 'Tonka Bean': 3.15}","{'love': 100.0, 'like': 97.3589, 'ok': 22.4682, 'dislike': 74.3492, 'hate': 12.5214}","{'winter': 100.0, 'spring': 53.978, 'summer': 30.0595, 'fall': 85.5097, 'day': 84.6728, 'night': 86.871}","{'very weak': 1.7, 'weak': 4.3, 'moderate': 23.4, 'long lasting': 39.0, 'eternal': 31.5}","{'intimate': 5.1, 'moderate': 27.9, 'strong': 42.0, 'enormous': 25.0}","{'female': 92.7, 'more female': 5.3, 'unisex': 1.2, 'more male': 0.3, 'male': 0.4}","{'sweet': 16.4, 'vanilla': 13.3, 'fruity': 10.7, 'patchouli': 9.4, 'woody': 9.4, 'white floral': 8.7, 'powdery': 8.6, 'iris': 7.9, 'earthy': 7.9, 'warm spicy': 7.7}","{'Black Currant': 0.1096, 'Pear': 0.0952}","{'Iris': 0.0992, 'Jasmine': 0.0832, 'Orange Blossom': 0.08}","{'Praline': 0.16, 'Vanilla': 0.1496, 'Patchouli': 0.1224, 'Tonka Bean': 0.1008}","{'love': 32.8, 'like': 31.8, 'ok': 7.2, 'dislike': 24.3, 'hate': 3.9}","{'winter': 37.1, 'spring': 20.0, 'summer': 11.2, 'fall': 31.7}","{'day': 49.4, 'night': 50.6}",2.6,73.6,62.3,50.6,45.8,"A for women perfume with sweet, vanilla, fruity, patchouli, woody, white floral, powdery, iris, earthy, warm spicy accords. Features notes of Black Currant, Pear. Good for {'winter': 100.0, 'spring': 53.978, 'summer': 30.0595, 'fall': 85.5097, 'day': 84.6728, 'night': 86.871}."
m22,for women,"{'sweet': 100.0, 'fruity': 71.2804, 'vanilla': 51.9224, 'caramel': 51.6627, 'warm spicy': 51.4961, 'balsamic': 50.6539, 'woody': 47.0695, 'tropical': 46.22, 'patchouli': 45.6374, 'amber': 44.7487}","{'very weak': '161', 'weak': '244', 'moderate': '1251', 'long lasting': '2495', 'eternal': '1333'}","{'intimate': '386', 'moderate': '1753', 'strong': '2660', 'enormous': '1230'}","{'female': '2791', 'more female': '237', 'unisex': '77', 'more male': '7', 'male': '12'}","{'Pear': 3.225, 'Tangerine': 2.675, 'Bergamot': 2.5}","{'Strawberry': 3.75, 'Vanilla Orchid': 3.425, 'Black Rose': 3.425, 'Passionfruit': 3.05}","{'Praline': 5.0, 'Caramel': 4.475, 'Litchi': 4.05, 'Vanilla': 4.05, 'Patchouli': 3.85, 'Incense': 3.6, 'Coffee': 3.275, 'Licorice': 2.9, 'Coumarin': 2.85, 'Papyrus': 2.5}","{'love': 100.0, 'like': 71.4182, 'ok': 12.0335, 'dislike': 30.4569, 'hate': 3.69561}","{'winter': 96.9515, 'spring': 25.3422, 'summer': 13.8946, 'fall': 78.1211, 'day': 36.8519, 'night': 100.0}","{'very weak': 2.9, 'weak': 4.4, 'moderate': 22.8, 'long lasting': 45.5, 'eternal': 24.3}","{'intimate': 6.4, 'moderate': 29.1, 'strong': 44.1, 'enormous': 20.4}","{'female': 89.3, 'more female': 7.6, 'unisex': 2.5, 'more male': 0.2, 'male': 0.4}","{'sweet': 18.0, 'fruity': 12.8, 'vanilla': 9.2, 'caramel': 9.2, 'warm spicy': 9.2, 'balsamic': 9.0, 'woody': 8.5, 'tropical': 8.3, 'patchouli': 8.1, 'amber': 7.9}","{'Pear': 0.055, 'Tangerine': 0.0456, 'Bergamot': 0.0427}","{'Strawberry': 0.064, 'Vanilla Orchid': 0.0584, 'Black Rose': 0.0584, 'Passionfruit': 0.052}","{'Praline': 0.0853, 'Caramel': 0.0764, 'Litchi': 0.0691, 'Vanilla': 0.0691, 'Patchouli': 0.0657, 'Incense': 0.0614, 'Coffee': 0.0559, 'Licorice': 0.0495, 'Coumarin': 0.0486, 'Papyrus': 0.0427}","{'love': 46.3, 'like': 32.9, 'ok': 5.6, 'dislike': 13.9, 'hate': 1.4}","{'winter': 45.2, 'spring': 11.8, 'summer': 6.5, 'fall': 36.5}","{'day': 26.9, 'night': 73.1}",3.7,71.0,59.5,73.1,44.8,"A for women perfume with sweet, fruity, vanilla, caramel, warm spicy, balsamic, woody, tropical, patchouli, amber accords. Features notes of Pear, Tangerine, Bergamot. Good for {'winter': 96.9515, 'spring': 25.3422, 'summer': 13.8946, 'fall': 78.1211, 'day': 36.8519, 'night': 100.0}."
r9,for men,"{'citrus': 100.0, 'aromatic': 66.0139, 'marine': 58.2221, 'fresh spicy': 50.7715, 'floral': 47.5741, 'woody': 45.5244, 'fresh': 44.6232}","{'very weak': '565', 'weak': '2146', 'moderate': '6508', 'long lasting': '1562', 'eternal': '318'}","{'intimate': '2247', 'moderate': '6792', 'strong': '1434', 'enormous': '380'}","{'female': '62', 'more female': '19', 'unisex': '860', 'more male': '2805', 'male': '4439'}","{'Lime': 4.275, 'Lemon': 3.925, 'Bergamot': 3.6, 'Jasmine': 3.25, 'Orange': 3.2, 'Mandarin Orange': 3.075, 'Neroli': 2.85}","{'Sea Notes': 5.0, 'Jasmine': 3.25, 'Calone': 2.975, 'Rosemary': 2.775, 'Peach': 2.725, 'Freesia': 2.7, 'Hiacynth': 2.675, 'Cyclamen': 2.65, 'Violet': 2.625, 'Coriander': 2.625, 'Rose': 2.6, 'Nutmeg': 2.6, 'Mignonette': 2.5}","{'White Musk': 3.075, 'Cedar': 2.925, 'Oakmoss': 2.75, 'Patchouli': 2.675, 'Amber': 2.6}","{'love': 90.0671, 'like': 100.0, 'ok': 15.2717, 'dislike': 20.4426, 'hate': 2.32851}","{'winter': 10.268, 'spring': 68.5346, 'summer': 100.0, 'fall': 19.2134, 'day': 94.1002, 'night': 20.9885}","{'very weak': 5.1, 'weak': 19.3, 'moderate': 58.6, 'long lasting': 14.1, 'eternal': 2.9}","{'intimate': 20.7, 'moderate': 62.6, 'strong': 13.2, 'enormous': 3.5}","{'female': 0.8, 'more female': 0.2, 'unisex': 10.5, 'more male': 34.3, 'male': 54.2}","{'citrus': 24.4, 'aromatic': 16.1, 'marine': 14.1, 'fresh spicy': 12.2, 'floral': 11.5, 'woody': 11.0, 'fresh': 10.7}","{'Lime': 0.0563, 'Lemon': 0.0517, 'Bergamot': 0.0474, 'Jasmine': 0.0428, 'Orange': 0.0422, 'Mandarin Orange': 0.0405, 'Neroli': 0.0375}","{'Sea Notes': 0.0659, 'Jasmine': 0.0428, 'Calone': 0.0392, 'Rosemary': 0.0366, 'Peach': 0.0359, 'Freesia': 0.0356, 'Hiacynth': 0.0352, 'Cyclamen': 0.0349, 'Violet': 0.0346, 'Coriander': 0.0346, 'Rose': 0.0343, 'Nutmeg': 0.0343, 'Mignonette': 0.0329}","{'White Musk': 0.0405, 'Cedar': 0.0385, 'Oakmoss': 0.0362, 'Patchouli': 0.0352, 'Amber': 0.0343}","{'love': 39.6, 'like': 44.1, 'ok': 6.6, 'dislike': 8.8, 'hate': 0.9}","{'winter': 5.2, 'spring': 34.6, 'summer': 50.5, 'fall': 9.7}","{'day': 81.8, 'night': 18.2}",85.2,47.6,33.2,18.2,54.9,"A for men perfume with citrus, aromatic, marine, fresh spicy, floral, woody, fresh accords. Features notes of Lime, Lemon, Bergamot, Jasmine, Orange, Mandarin Orange, Neroli. Good for {'winter': 10.268, 'spring': 68.5346, 'summer': 100.0, 'fall': 19.2134, 'day': 94.1002, 'night': 20.9885}."
r11,for men,"{'vanilla': 100.0, 'warm spicy': 67.6121, 'amber': 62.1414, 'aromatic': 55.4941, 'sweet': 53.5424, 'balsamic': 51.5538, 'lavender': 46.7411, 'fresh spicy': 45.6345}","{'very weak': '21', 'weak': '53', 'moderate': '609', 'long lasting': '2014', 'eternal': '644'}","{'intimate': '74', 'moderate': '942', 'strong': '1898', 'enormous': '366'}","{'female': '38', 'more female': '12', 'unisex': '259', 'more male': '1085', 'male': '1943'}","{'Lavender': 3.025, 'Cardamom': 2.925, 'Black Pepper': 2.625}","{'Incense': 3.05, 'Patchouli': 2.5}","{'Vanilla Pod': 5.0, 'Tonka Bean': 4.125}","{'love': 100.0, 'like': 28.5809, 'ok': 8.58086, 'dislike': 5.0495, 'hate': 2.40924}","{'winter': 100.0, 'spring': 52.6178, 'summer': 19.5353, 'fall': 87.5, 'day': 41.5249, 'night': 92.8665}","{'very weak': 0.6, 'weak': 1.6, 'moderate': 18.2, 'long lasting': 60.3, 'eternal': 19.3}","{'intimate': 2.3, 'moderate': 28.7, 'strong': 57.9, 'enormous': 11.2}","{'female': 1.1, 'more female': 0.4, 'unisex': 7.8, 'more male': 32.5, 'male': 58.2}","{'vanilla': 20.9, 'warm spicy': 14.0, 'amber': 12.9, 'aromatic': 11.5, 'sweet': 11.1, 'balsamic': 10.6, 'lavender': 9.6, 'fresh spicy': 9.4}","{'Lavender': 0.1301, 'Cardamom': 0.1258, 'Black Pepper': 0.1129}","{'Incense': 0.1312, 'Patchouli': 0.1075}","{'Vanilla Pod': 0.2151, 'Tonka Bean': 0.1774}","{'love': 69.9, 'like': 19.6, 'ok': 5.6, 'dislike': 3.5, 'hate': 1.4}","{'winter': 38.5, 'spring': 20.3, 'summer': 7.5, 'fall': 33.7}","{'day': 30.9, 'night': 69.1}",86.6,74.0,59.3,69.1,45.5,"A for men perfume with vanilla, warm spicy, amber, aromatic, sweet, balsamic, lavender, fresh spicy accords. Features notes of Lavender, Cardamom, Black Pepper. Good for {'winter': 100.0, 'spring': 52.6178, 'summer': 19.5353, 'fall': 87.5, 'day': 41.5249, 'night': 92.8665}."
r12,for men,"{'citrus': 100.0, 'fresh spicy': 80.6931, 'woody': 80.6824, 'aromatic': 69.8002, 'amber': 66.392, 'smoky': 52.8041, 'balsamic': 50.1748, 'warm spicy': 49.8712, 'green': 49.6387, 'fresh': 49.0067}","{'very weak': '309', 'weak': '743', 'moderate': '4583', 'long lasting': '3779', 'eternal': '640'}","{'intimate': '1117', 'moderate': '6193', 'strong': '2267', 'enormous': '587'}","{'female': '44', 'more female': '14', 'unisex': '351', 'more male': '1489', 'male': '4416'}","{'Grapefruit': 5.0, 'Lemon': 4.15, 'Mint': 3.4, 'Pink Pepper': 3.075}","{'Ginger': 4.1, 'Nutmeg': 2.9, 'Jasmine': 2.625, 'Iso E Super': 2.6}","{'Incense': 4.275, 'Vetiver': 3.2, 'Cedar': 3.175, 'Sandalwood': 2.975, 'Patchouli': 2.75, 'Labdanum': 2.625, 'White Musk': 2.5}","{'love': 100.0, 'like': 75.6597, 'ok': 11.9457, 'dislike': 22.3147, 'hate': 2.14606}","{'winter': 57.612, 'spring': 98.0372, 'summer': 89.5445, 'fall': 83.6185, 'day': 100.0, 'night': 87.4937}","{'very weak': 3.1, 'weak': 7.4, 'moderate': 45.6, 'long lasting': 37.6, 'eternal': 6.4}","{'intimate': 11.0, 'moderate': 60.9, 'strong': 22.3, 'enormous': 5.8}","{'female': 0.7, 'more female': 0.2, 'unisex': 5.6, 'more male': 23.6, 'male': 69.9}","{'citrus': 15.5, 'fresh spicy': 12.4, 'woody': 12.4, 'aromatic': 10.7, 'amber': 10.2, 'smoky': 8.1, 'balsamic': 7.8, 'warm spicy': 7.6, 'green': 7.6, 'fresh': 7.6}","{'Grapefruit': 0.1013, 'Lemon': 0.0841, 'Mint': 0.0689, 'Pink Pepper': 0.0623}","{'Ginger': 0.0831, 'Nutmeg': 0.0588, 'Jasmine': 0.0532, 'Iso E Super': 0.0527}","{'Incense': 0.0866, 'Vetiver': 0.0648, 'Cedar': 0.0643, 'Sandalwood': 0.0603, 'Patchouli': 0.0557, 'Labdanum': 0.0532, 'White Musk': 0.0507}","{'love': 47.6, 'like': 35.7, 'ok': 5.2, 'dislike': 10.5, 'hate': 1.0}","{'winter': 17.5, 'spring': 29.8, 'summer': 27.2, 'fall': 25.4}","{'day': 53.3, 'night': 46.7}",90.5,59.2,41.0,46.7,53.5,"A for men perfume with citrus, fresh spicy, woody, aromatic, amber, smoky, balsamic, warm spicy, green, fresh accords. Features notes of Grapefruit, Lemon, Mint, Pink Pepper. Good for {'winter': 57.612, 'spring': 98.0372, 'summer': 89.5445, 'fall': 83.6185, 'day': 100.0, 'night': 87.4937}."
r13,for men,"{'warm spicy': 100.0, 'fresh spicy': 82.1398, 'woody': 78.5632, 'aromatic': 78.1522, 'lavender': 76.0403, 'soft spicy': 68.6757, 'cinnamon': 61.5255, 'amber': 54.3728, 'powdery': 50.3668, 'balsamic': 48.4683}","{'very weak': '94', 'weak': '96', 'moderate': '942', 'long lasting': '3966', 'eternal': '7536'}","{'intimate': '212', 'moderate': '1716', 'strong': '6261', 'enormous': '3866'}","{'female': '96', 'more female': '23', 'unisex': '339', 'more male': '1313', 'male': '10325'}","{'Nutmeg': 3.95, 'Cinnamon': 3.8, 'Cardamom': 3.275, 'Grapefruit': 2.575}",{'Lavender': 5.0},"{'Licorice': 4.4, 'Sandalwood': 3.4, 'Amber': 3.2, 'Patchouli': 2.65, 'Haitian Vetiver': 2.5}","{'love': 100.0, 'like': 29.6234, 'ok': 11.4217, 'dislike': 9.0435, 'hate': 6.88432}","{'winter': 100.0, 'spring': 52.0437, 'summer': 21.9243, 'fall': 88.4561, 'day': 47.8248, 'night': 90.5807}","{'very weak': 0.7, 'weak': 0.8, 'moderate': 7.5, 'long lasting': 31.4, 'eternal': 59.6}","{'intimate': 1.8, 'moderate': 14.2, 'strong': 51.9, 'enormous': 32.1}","{'female': 0.8, 'more female': 0.2, 'unisex': 2.8, 'more male': 10.9, 'male': 85.4}","{'warm spicy': 14.4, 'fresh spicy': 11.8, 'woody': 11.2, 'aromatic': 11.2, 'lavender': 10.9, 'soft spicy': 9.8, 'cinnamon': 8.8, 'amber': 7.8, 'powdery': 7.2, 'balsamic': 6.9}","{'Nutmeg': 0.1137, 'Cinnamon': 0.1094, 'Cardamom': 0.0942, 'Grapefruit': 0.0741}",{'Lavender': 0.1439},"{'Licorice': 0.1266, 'Sandalwood': 0.0978, 'Amber': 0.0921, 'Patchouli': 0.0763, 'Haitian Vetiver': 0.0719}","{'love': 64.5, 'like': 18.7, 'ok': 7.1, 'dislike': 5.8, 'hate': 3.9}","{'winter': 38.1, 'spring': 19.8, 'summer': 8.4, 'fall': 33.7}","{'day': 34.6, 'night': 65.4}",94.9,87.1,71.4,65.4,45.9,"A for men perfume with warm spicy, fresh spicy, woody, aromatic, lavender, soft spicy, cinnamon, amber, powdery, balsamic accords. Features notes of Nutmeg, Cinnamon, Cardamom, Grapefruit. Good for {'winter': 100.0, 'spring': 52.0437, 'summer': 21.9243, 'fall': 88.4561, 'day': 47.8248, 'night': 90.5807}."
r16,for men,"{'vanilla': 100.0, 'sweet': 93.2848, 'amber': 72.1348, 'cinnamon': 69.1975, 'warm spicy': 66.6873, 'powdery': 59.0249, 'aromatic': 57.0595, 'soft spicy': 53.8075, 'caramel': 48.6711}","{'very weak': '119', 'weak': '215', 'moderate': '2741', 'long lasting': '7970', 'eternal': '1894'}","{'intimate': '393', 'moderate': '4083', 'strong': '6991', 'enormous': '1296'}","{'female': '104', 'more female': '81', 'unisex': '1767', 'more male': '5613', 'male': '5006'}","{'Pink Pepper': 3.1, 'Juniper': 2.6, 'Violet': 2.55}","{'Toffee': 4.725, 'Cinnamon': 4.325, 'Lavender': 2.8, 'Sage': 2.5}","{'Vanilla': 5.0, 'Amber': 3.725, 'Tonka Bean': 3.6, 'Suede': 2.825}","{'love': 100.0, 'like': 24.7319, 'ok': 5.61036, 'dislike': 4.16059, 'hate': 2.11032}","{'winter': 100.0, 'spring': 17.6399, 'summer': 8.65275, 'fall': 80.2805, 'day': 36.976, 'night': 81.1532}","{'very weak': 0.9, 'weak': 1.7, 'moderate': 21.2, 'long lasting': 61.6, 'eternal': 14.6}","{'intimate': 3.1, 'moderate': 32.0, 'strong': 54.8, 'enormous': 10.2}","{'female': 0.8, 'more female': 0.6, 'unisex': 14.1, 'more male': 44.7, 'male': 39.8}","{'vanilla': 16.2, 'sweet': 15.1, 'amber': 11.7, 'cinnamon': 11.2, 'warm spicy': 10.7, 'powdery': 9.6, 'aromatic': 9.2, 'soft spicy': 8.6, 'caramel': 7.8}","{'Pink Pepper': 0.0821, 'Juniper': 0.0689, 'Violet': 0.0675}","{'Toffee': 0.1252, 'Cinnamon': 0.1146, 'Lavender': 0.0742, 'Sage': 0.0662}","{'Vanilla': 0.1325, 'Amber': 0.0987, 'Tonka Bean': 0.0954, 'Suede': 0.0748}","{'love': 74.1, 'like': 17.8, 'ok': 3.7, 'dislike': 3.0, 'hate': 1.5}","{'winter': 48.4, 'spring': 8.5, 'summer': 4.2, 'fall': 38.9}","{'day': 31.3, 'night': 68.7}",80.5,71.8,57.4,68.7,44.5,"A for men perfume with vanilla, sweet, amber, cinnamon, warm spicy, powdery, aromatic, soft spicy, caramel accords. Features notes of Pink Pepper, Juniper, Violet. Good for {'winter': 100.0, 'spring': 17.6399, 'summer': 8.65275, 'fall': 80.2805, 'day': 36.976, 'night': 81.1532}."
r17,for men,"{'vanilla': 100.0, 'sweet': 80.7034, 'honey': 69.7461, 'aromatic': 59.6817, 'amber': 59.6723, 'lavender': 53.6028, 'tobacco': 50.1965, 'green': 47.8323, 'fresh spicy': 45.997, 'powdery': 45.7988}","{'very weak': '137', 'weak': '175', 'moderate': '2250', 'long lasting': '8969', 'eternal': '3357'}","{'intimate': '365', 'moderate': '3838', 'strong': '8446', 'enormous': '1770'}","{'female': '162', 'more female': '92', 'unisex': '1527', 'more male': '5953', 'male': '7075'}","{'Lavender': 3.075, 'Mint': 2.6}","{'Vanilla': 5.0, 'Benzoin': 2.5}","{'Honey': 4.475, 'Tonka Bean': 3.275, 'Tobacco': 2.8}","{'love': 100.0, 'like': 22.963, 'ok': 7.29286, 'dislike': 4.20771, 'hate': 3.68079}","{'winter': 100.0, 'spring': 29.7373, 'summer': 13.652, 'fall': 78.8831, 'day': 38.0347, 'night': 83.1036}","{'very weak': 0.9, 'weak': 1.2, 'moderate': 15.1, 'long lasting': 60.2, 'eternal': 22.5}","{'intimate': 2.5, 'moderate': 26.6, 'strong': 58.6, 'enormous': 12.3}","{'female': 1.1, 'more female': 0.6, 'unisex': 10.3, 'more male': 40.2, 'male': 47.8}","{'vanilla': 16.5, 'sweet': 13.2, 'honey': 11.4, 'aromatic': 9.7, 'amber': 9.7, 'lavender': 8.7, 'tobacco': 8.2, 'green': 7.7, 'fresh spicy': 7.4, 'powdery': 7.4}","{'Lavender': 0.1296, 'Mint': 0.1096}","{'Vanilla': 0.2107, 'Benzoin': 0.1054}","{'Honey': 0.1886, 'Tonka Bean': 0.138, 'Tobacco': 0.118}","{'love': 73.5, 'like': 16.2, 'ok': 5.1, 'dislike': 2.9, 'hate': 2.2}","{'winter': 45.0, 'spring': 13.4, 'summer': 6.1, 'fall': 35.5}","{'day': 31.4, 'night': 68.6}",83.2,75.6,60.2,68.6,44.0,"A for men perfume with vanilla, sweet, honey, aromatic, amber, lavender, tobacco, green, fresh spicy, powdery accords. Features notes of Lavender, Mint. Good for {'winter': 100.0, 'spring': 29.7373, 'summer': 13.652, 'fall': 78.8831, 'day': 38.0347, 'night': 83.1036}."
r19,for women,"{'vanilla': 100.0, 'rum': 86.5375, 'sweet': 86.2135, 'tropical': 65.7346, 'fruity': 60.63, 'white floral': 58.4564, 'powdery': 56.3729, 'musky': 52.6325, 'woody': 51.2019, 'fresh': 50.4198}","{'very weak': '67', 'weak': '155', 'moderate': '636', 'long lasting': '756', 'eternal': '266'}","{'intimate': '205', 'moderate': '914', 'strong': '617', 'enormous': '270'}","{'female': '623', 'more female': '114', 'unisex': '61', 'more male': '4', 'male': '4'}","{'Rum': 5.0, 'Passionfruit': 3.975}","{'Gardenia': 2.8, 'Musk': 2.5}","{'Vanille': 3.925, 'Tonka Bean': 2.8}","{'love': 59.6132, 'like': 100.0, 'ok': 8.85087, 'dislike': 35.8869, 'hate': 1.45035}","{'winter': 86.3066, 'spring': 36.443, 'summer': 26.5139, 'fall': 80.1418, 'day': 54.6099, 'night': 100.0}","{'very weak': 3.6, 'weak': 8.2, 'moderate': 33.8, 'long lasting': 40.2, 'eternal': 14.1}","{'intimate': 10.2, 'moderate': 45.6, 'strong': 30.8, 'enormous': 13.5}","{'female': 77.3, 'more female': 14.1, 'unisex': 7.6, 'more male': 0.5, 'male': 0.5}","{'vanilla': 15.1, 'rum': 13.0, 'sweet': 13.0, 'tropical': 9.8, 'fruity': 9.0, 'white floral': 8.7, 'powdery': 8.4, 'musky': 7.8, 'woody': 7.7, 'fresh': 7.5}","{'Rum': 0.2381, 'Passionfruit': 0.1893}","{'Gardenia': 0.1333, 'Musk': 0.119}","{'Vanille': 0.1869, 'Tonka Bean': 0.1333}","{'love': 29.1, 'like': 49.3, 'ok': 3.9, 'dislike': 17.2, 'hate': 0.5}","{'winter': 37.6, 'spring': 15.9, 'summer': 11.6, 'fall': 34.9}","{'day': 35.3, 'night': 64.7}",8.2,63.3,49.2,64.7,47.9,"A for women perfume with vanilla, rum, sweet, tropical, fruity, white floral, powdery, musky, woody, fresh accords. Features notes of Rum, Passionfruit. Good for {'winter': 86.3066, 'spring': 36.443, 'summer': 26.5139, 'fall': 80.1418, 'day': 54.6099, 'night': 100.0}."
r20,for men,"{'warm spicy': 100.0, 'cinnamon': 81.4804, 'citrus': 72.7501, 'amber': 62.4937, 'woody': 60.9885, 'leather': 58.1189, 'rose': 53.0666, 'animalic': 50.5583, 'green': 46.9584, 'patchouli': 46.0994}","{'very weak': '191', 'weak': '552', 'moderate': '3314', 'long lasting': '4464', 'eternal': '2316'}","{'intimate': '565', 'moderate': '3382', 'strong': '4521', 'enormous': '2308'}","{'female': '72', 'more female': '47', 'unisex': '990', 'more male': '2706', 'male': '3722'}","{'Blood Mandarin': 3.0, 'Grapefruit': 2.825, 'Mint': 2.5}","{'Cinnamon': 5.0, 'Spicy Notes': 3.525, 'Rose': 3.075}","{'Amber': 3.7, 'Leather': 3.4, 'Woody Notes': 2.95, 'Indian Patchouli': 2.6}","{'love': 87.7197, 'like': 100.0, 'ok': 21.1079, 'dislike': 56.7725, 'hate': 8.35968}","{'winter': 97.239, 'spring': 34.8361, 'summer': 20.2977, 'fall': 82.0751, 'day': 40.261, 'night': 100.0}","{'very weak': 1.8, 'weak': 5.1, 'moderate': 30.6, 'long lasting': 41.2, 'eternal': 21.4}","{'intimate': 5.2, 'moderate': 31.4, 'strong': 42.0, 'enormous': 21.4}","{'female': 1.0, 'more female': 0.6, 'unisex': 13.1, 'more male': 35.9, 'male': 49.4}","{'warm spicy': 15.9, 'cinnamon': 12.9, 'citrus': 11.5, 'amber': 9.9, 'woody': 9.6, 'leather': 9.2, 'rose': 8.4, 'animalic': 8.0, 'green': 7.3, 'patchouli': 7.3}","{'Blood Mandarin': 0.0921, 'Grapefruit': 0.0867, 'Mint': 0.0767}","{'Cinnamon': 0.1535, 'Spicy Notes': 0.1082, 'Rose': 0.0944}","{'Amber': 0.1136, 'Leather': 0.1044, 'Woody Notes': 0.0906, 'Indian Patchouli': 0.0798}","{'love': 32.0, 'like': 36.8, 'ok': 7.7, 'dislike': 20.6, 'hate': 2.9}","{'winter': 41.5, 'spring': 14.9, 'summer': 8.7, 'fall': 35.0}","{'day': 28.7, 'night': 71.3}",83.0,68.8,59.9,71.3,45.7,"A for men perfume with warm spicy, cinnamon, citrus, amber, woody, leather, rose, animalic, green, patchouli accords. Features notes of Blood Mandarin, Grapefruit, Mint. Good for {'winter': 97.239, 'spring': 34.8361, 'summer': 20.2977, 'fall': 82.0751, 'day': 40.261, 'night': 100.0}."
r24,for men,"{'sweet': 100.0, 'warm spicy': 98.517, 'citrus': 81.7871, 'amber': 73.1775, 'aromatic': 69.2025, 'woody': 65.6566, 'balsamic': 62.708, 'cinnamon': 60.7627, 'patchouli': 55.6688, 'lactonic': 51.6938}","{'very weak': '91', 'weak': '215', 'moderate': '931', 'long lasting': '1021', 'eternal': '233'}","{'intimate': '242', 'moderate': '1295', 'strong': '851', 'enormous': '267'}","{'female': '12', 'more female': '3', 'unisex': '202', 'more male': '366', 'male': '509'}","{'Lemon': 4.825, 'Sage': 2.55}","{'Praline': 5.0, 'Cinnamon': 3.4, 'Tolu Balsam': 2.7, 'Black Cardamom': 2.575}","{'Patchouli': 3.075, 'Brazilian Rosewood': 3.05, 'Black Amber': 2.5}","{'love': 94.9078, 'like': 100.0, 'ok': 5.73376, 'dislike': 36.3673, 'hate': 1.48356}","{'winter': 83.2035, 'spring': 49.9134, 'summer': 29.2641, 'fall': 77.013, 'day': 46.8831, 'night': 100.0}","{'very weak': 3.7, 'weak': 8.6, 'moderate': 37.4, 'long lasting': 41.0, 'eternal': 9.4}","{'intimate': 9.1, 'moderate': 48.8, 'strong': 32.1, 'enormous': 10.1}","{'female': 1.1, 'more female': 0.3, 'unisex': 18.5, 'more male': 33.5, 'male': 46.6}","{'sweet': 14.0, 'warm spicy': 13.7, 'citrus': 11.3, 'amber': 10.2, 'aromatic': 9.7, 'woody': 9.1, 'balsamic': 8.7, 'cinnamon': 8.4, 'patchouli': 7.7, 'lactonic': 7.1}","{'Lemon': 0.1626, 'Sage': 0.0859}","{'Praline': 0.1685, 'Cinnamon': 0.1146, 'Tolu Balsam': 0.091, 'Black Cardamom': 0.0868}","{'Patchouli': 0.1036, 'Brazilian Rosewood': 0.1028, 'Black Amber': 0.0842}","{'love': 39.8, 'like': 42.4, 'ok': 2.1, 'dislike': 15.3, 'hate': 0.4}","{'winter': 34.8, 'spring': 20.8, 'summer': 12.2, 'fall': 32.2}","{'day': 31.9, 'night': 68.1}",81.0,60.9,47.7,68.1,47.3,"A for men perfume with sweet, warm spicy, citrus, amber, aromatic, woody, balsamic, cinnamon, patchouli, lactonic accords. Features notes of Lemon, Sage. Good for {'winter': 83.2035, 'spring': 49.9134, 'summer': 29.2641, 'fall': 77.013, 'day': 46.8831, 'night': 100.0}."
r25,for women,"{'floral': 100.0, 'fresh': 66.2971, 'green': 63.5072, 'aquatic': 60.7355, 'fresh spicy': 60.0259, 'woody': 58.5171, 'herbal': 57.2469, 'aromatic': 51.176, 'powdery': 48.572, 'musky': 44.6943}","{'very weak': '187', 'weak': '572', 'moderate': '1262', 'long lasting': '345', 'eternal': '95'}","{'intimate': '666', 'moderate': '1341', 'strong': '413', 'enormous': '178'}","{'female': '593', 'more female': '313', 'unisex': '297', 'more male': '16', 'male': '16'}","{'Reed': 4.075, 'Mint': 3.7, 'Green Lilac': 3.425, 'Mandarin Orange': 3.05, 'Pink Pepper': 2.95}","{'Water Lily': 5.0, 'Pepper': 3.225, 'Violet': 2.9, 'White Peach': 2.85, 'Amaryllis': 2.675, 'Rose': 2.525}","{'Cedar': 3.05, 'White Musk': 2.925, 'Vanilla': 2.5}","{'love': 59.7252, 'like': 100.0, 'ok': 7.60483, 'dislike': 36.9818, 'hate': 1.3267}","{'winter': 13.8581, 'spring': 63.6364, 'summer': 97.6996, 'fall': 15.3271, 'day': 100.0, 'night': 9.67295}","{'very weak': 7.6, 'weak': 23.2, 'moderate': 51.3, 'long lasting': 14.0, 'eternal': 3.9}","{'intimate': 25.6, 'moderate': 51.6, 'strong': 15.9, 'enormous': 6.9}","{'female': 48.0, 'more female': 25.3, 'unisex': 24.0, 'more male': 1.3, 'male': 1.3}","{'floral': 16.5, 'fresh': 10.9, 'green': 10.4, 'aquatic': 9.9, 'fresh spicy': 9.9, 'woody': 9.6, 'herbal': 9.4, 'aromatic': 8.4, 'powdery': 7.9, 'musky': 7.2}","{'Reed': 0.0909, 'Mint': 0.0825, 'Green Lilac': 0.0764, 'Mandarin Orange': 0.068, 'Pink Pepper': 0.0658}","{'Water Lily': 0.1115, 'Pepper': 0.0719, 'Violet': 0.0647, 'White Peach': 0.0635, 'Amaryllis': 0.0596, 'Rose': 0.0563}","{'Cedar': 0.068, 'White Musk': 0.0652, 'Vanilla': 0.0557}","{'love': 29.1, 'like': 49.3, 'ok': 3.4, 'dislike': 17.7, 'hate': 0.5}","{'winter': 7.3, 'spring': 33.4, 'summer': 51.3, 'fall': 8.0}","{'day': 91.2, 'night': 8.8}",20.6,45.9,34.7,8.8,53.3,"A for women perfume with floral, fresh, green, aquatic, fresh spicy, woody, herbal, aromatic, powdery, musky accords. Features notes of Reed, Mint, Green Lilac, Mandarin Orange, Pink Pepper. Good for {'winter': 13.8581, 'spring': 63.6364, 'summer': 97.6996, 'fall': 15.3271, 'day': 100.0, 'night': 9.67295}."
